{"cameraMode":{"drawMode":0,"name":"Shaded","section":"Shading Mode"},"sceneLighting":true,"audioPlay":false,"sceneViewState":{"showFog":true,"showMaterialUpdate":false,"showSkybox":true,"showFlares":true,"showImageEffects":true,"showParticleSystems":true},"in2DMode":false,"pivot":{"x":4.994672775268555,"y":2.9560513496398927,"z":3.4366674423217775},"rotation":{"x":-0.17957523465156556,"y":0.47823479771614077,"z":-0.10058775544166565,"w":-0.8537722229957581},"size":0.0713956356048584,"orthographic":false}