{"cameraMode":{"drawMode":0,"name":"Shaded","section":"Shading Mode"},"sceneLighting":true,"audioPlay":false,"sceneViewState":{"showFog":true,"showMaterialUpdate":false,"showSkybox":true,"showFlares":true,"showImageEffects":true,"showParticleSystems":true},"in2DMode":false,"pivot":{"x":-0.87060546875,"y":1.267822265625,"z":0.388671875},"rotation":{"x":-0.017671871930360795,"y":0.8076661825180054,"z":-0.024237437173724176,"w":-0.5888818502426148},"size":4.118907451629639,"orthographic":true}