{"cameraMode":{"drawMode":0,"name":"Shaded","section":"Shading Mode"},"sceneLighting":true,"audioPlay":false,"sceneViewState":{"showFog":true,"showMaterialUpdate":true,"showSkybox":true,"showFlares":true,"showImageEffects":true,"showParticleSystems":true},"in2DMode":false,"pivot":{"x":1.906245231628418,"y":2.7369236946105959,"z":-0.973423421382904},"rotation":{"x":0.14930957555770875,"y":-0.23918823897838593,"z":0.03725133463740349,"w":0.9587024450302124},"size":-0.662093997001648,"orthographic":false}