{"cameraMode":{"drawMode":0,"name":"Shaded","section":"Shading Mode"},"sceneLighting":true,"audioPlay":false,"sceneViewState":{"showFog":true,"showMaterialUpdate":false,"showSkybox":true,"showFlares":true,"showImageEffects":true,"showParticleSystems":true},"in2DMode":false,"pivot":{"x":1.7981703281402588,"y":0.08861446380615235,"z":4.2333526611328129},"rotation":{"x":-0.3532727360725403,"y":0.15390515327453614,"z":-0.0590415857732296,"w":-0.9208835363388062},"size":6.607396125793457,"orthographic":false}